"UserID","Probability1"
3,0.464788732394366
4,0.698412698412698
10,0.701923076923077
14,0.464788732394366
16,0.310526315789474
23,0.786885245901639
29,0.372262773722628
33,0.27683615819209
37,0.762962962962963
45,0.666666666666667
47,0.785714285714286
54,0.094488188976378
55,0.471910112359551
60,0.471910112359551
68,0.2
79,0.84375
90,0.686354378818737
93,0.220588235294118
98,0.84375
101,0.741071428571429
107,0.84375
109,0.786885245901639
113,0.84375
116,0.310526315789474
118,0.220588235294118
119,0.698412698412698
120,0.84375
126,0.741071428571429
131,0.75
134,0.785714285714286
135,0.264150943396226
137,0.762962962962963
139,0.452380952380952
140,0.310526315789474
141,0.819095477386935
142,0.372262773722628
152,0.762962962962963
162,0.264150943396226
164,0.754716981132076
168,0.264150943396226
172,0.264150943396226
173,0.471910112359551
176,0.84375
179,0.3125
181,0.762962962962963
182,0.310526315789474
183,0.754716981132076
186,0.686354378818737
189,0.310526315789474
192,0.701923076923077
193,0.84375
194,0.698412698412698
196,0.310526315789474
197,0.84375
198,0.372262773722628
201,0.2
204,0.686567164179104
205,0.372262773722628
210,0.785714285714286
213,0.686354378818737
216,0.310526315789474
221,0.529411764705882
234,0.131868131868132
237,0.285714285714286
241,0.128205128205128
246,0.27683615819209
258,0.84375
261,0.452380952380952
262,0.819095477386935
271,0.452380952380952
279,0.2
280,0.529411764705882
288,0.220588235294118
291,0.333333333333333
296,0.131868131868132
301,0.686354378818737
305,0.452380952380952
306,0.686567164179104
310,0.464788732394366
313,0.819095477386935
315,0.785714285714286
317,0.762962962962963
318,0.819095477386935
319,0.471910112359551
321,0.84375
323,0.27683615819209
324,0.686354378818737
325,0.819095477386935
326,0.741071428571429
327,0.786885245901639
328,0.75
331,0.333333333333333
340,0.819095477386935
342,0.686354378818737
344,0.686354378818737
346,0.762962962962963
347,0.84375
358,0.452380952380952
368,0.27683615819209
369,0.686567164179104
382,0.464788732394366
383,0.786885245901639
384,0.372262773722628
385,0.741071428571429
386,0.84375
392,0.464788732394366
396,0.762962962962963
397,0.310526315789474
399,0.762962962962963
400,0.84375
402,0.686567164179104
404,0.372262773722628
405,0.264150943396226
410,0.333333333333333
412,0.372262773722628
415,0.310526315789474
416,0.762962962962963
418,0.686354378818737
419,0.529411764705882
421,0.131868131868132
422,0.686354378818737
424,0.40625
437,0.84375
440,0.117647058823529
442,0.686354378818737
443,0.368421052631579
447,0.264150943396226
448,0.819095477386935
449,0.701923076923077
453,0.489130434782609
465,0.310526315789474
467,0.762962962962963
468,0.131868131868132
470,0.452380952380952
472,0.220588235294118
476,0.128205128205128
484,0.819095477386935
486,0.166666666666667
487,0.875
492,0.84375
494,0.686354378818737
495,0.75
503,0.762962962962963
505,0.819095477386935
514,0.372262773722628
516,0.762962962962963
518,0.314285714285714
521,0.452380952380952
523,0.686354378818737
529,0.452380952380952
531,0.754716981132076
533,0.701923076923077
534,0.372262773722628
536,0.372262773722628
545,0.762962962962963
549,0.741071428571429
553,0.686354378818737
555,0.741071428571429
561,0.471910112359551
562,0.698412698412698
563,0.686354378818737
567,0.310526315789474
569,0.372262773722628
570,0.128205128205128
575,0.84375
577,0.686354378818737
579,0.529411764705882
581,0.464788732394366
582,0.471910112359551
583,0.131868131868132
590,0.131868131868132
598,0.875
600,0.701923076923077
603,0.686354378818737
604,0.686354378818737
606,0.819095477386935
619,0.785714285714286
621,0.27683615819209
622,0.84375
623,0.464788732394366
627,0.2
633,0.142857142857143
636,0.686354378818737
639,0.785714285714286
643,0.819095477386935
653,0.310526315789474
654,0.686354378818737
660,0.701923076923077
681,0.741071428571429
685,0.786885245901639
691,0.819095477386935
696,0.819095477386935
698,0.27683615819209
699,0.84375
700,0.795454545454545
703,0.686354378818737
705,0.701923076923077
707,0.741071428571429
708,0.686354378818737
711,0.368421052631579
712,0.84375
716,0.464788732394366
719,0.786885245901639
722,0.529411764705882
724,0.131868131868132
727,0.310526315789474
730,0.762962962962963
736,0.686354378818737
743,0.698412698412698
753,0.819095477386935
755,0.310526315789474
765,0.686354378818737
774,0.310526315789474
775,0.489130434782609
778,0.785714285714286
784,0.686354378818737
788,0.686354378818737
789,0.464788732394366
791,0.314285714285714
797,0.094488188976378
798,0.094488188976378
800,0.819095477386935
802,0.128205128205128
807,0.27683615819209
810,0.84375
811,0.464788732394366
820,0.686354378818737
821,0.686567164179104
822,0.84375
823,0.686354378818737
824,0.819095477386935
826,0.131868131868132
828,0.314285714285714
831,0.094488188976378
832,0.131868131868132
833,0.372262773722628
834,0.310526315789474
837,0.310526315789474
838,0.819095477386935
841,0.84375
843,0.464788732394366
844,0.464788732394366
850,0.686354378818737
853,0.819095477386935
855,0.875
856,0.741071428571429
860,0.27683615819209
864,0.27683615819209
868,0.686354378818737
875,0.464788732394366
876,0.452380952380952
877,0.84375
879,0.686354378818737
889,0.84375
890,0.75
894,0.094488188976378
896,0.686567164179104
897,0.785714285714286
904,0.094488188976378
905,0.529411764705882
907,0.264150943396226
909,0.131868131868132
913,0.529411764705882
925,0.372262773722628
926,0.314285714285714
927,0.686567164179104
928,0.27683615819209
931,0.698412698412698
932,0.785714285714286
934,0.27683615819209
935,0.372262773722628
939,0.310526315789474
941,0.529411764705882
942,0.131868131868132
947,0.75
948,0.372262773722628
950,0.795454545454545
951,0.372262773722628
958,0.529411764705882
959,0.666666666666667
960,0.686354378818737
966,0.785714285714286
975,0.701923076923077
985,0.84375
992,0.372262773722628
993,0.131868131868132
994,0.094488188976378
995,0.310526315789474
998,0.819095477386935
1001,0.166666666666667
1009,0.464788732394366
1011,0.452380952380952
1012,0.786885245901639
1013,0.686567164179104
1014,0.310526315789474
1028,0.819095477386935
1032,0.786885245901639
1033,0.84375
1037,0.686354378818737
1051,0.686567164179104
1052,0.471910112359551
1055,0.819095477386935
1061,0.452380952380952
1067,0.264150943396226
1071,0.701923076923077
1073,0.686354378818737
1075,0.27683615819209
1077,0.264150943396226
1078,0.094488188976378
1081,0.741071428571429
1082,0.698412698412698
1088,0.701923076923077
1094,0.686354378818737
1100,0.471910112359551
1102,0.686354378818737
1103,0.131868131868132
1112,0.701923076923077
1114,0.819095477386935
1117,0.84375
1118,0.84375
1127,0.84375
1130,0.819095477386935
1131,0.84375
1132,0.529411764705882
1136,0.452380952380952
1139,0.819095477386935
1151,0.84375
1152,0.686354378818737
1153,0.464788732394366
1155,0.819095477386935
1158,0.27683615819209
1161,0.785714285714286
1165,0.686354378818737
1166,0.452380952380952
1172,0.84375
1173,0.786885245901639
1177,0.372262773722628
1178,0.310526315789474
1179,0.310526315789474
1180,0.452380952380952
1181,0.094488188976378
1182,0.529411764705882
1187,0.314285714285714
1190,0.785714285714286
1194,0.368421052631579
1197,0.368421052631579
1198,0.686354378818737
1203,0.529411764705882
1206,0.84375
1208,0.464788732394366
1212,0.686354378818737
1214,0.819095477386935
1217,0.310526315789474
1220,0.471910112359551
1225,0.686567164179104
1232,0.686354378818737
1234,0.762962962962963
1241,0.84375
1247,0.754716981132076
1250,0.27683615819209
1251,0.762962962962963
1255,0.84375
1256,0.686354378818737
1260,0.84375
1261,0.84375
1266,0.84375
1270,0.220588235294118
1272,0.666666666666667
1274,0.314285714285714
1288,0.84375
1290,0.84375
1291,0.84375
1294,0.368421052631579
1295,0.529411764705882
1297,0.686354378818737
1300,0.762962962962963
1303,0.686354378818737
1306,0.84375
1311,0.094488188976378
1315,0.464788732394366
1320,0.452380952380952
1324,0.686354378818737
1326,0.27683615819209
1335,0.785714285714286
1337,0.819095477386935
1339,0.372262773722628
1343,0.762962962962963
1345,0.264150943396226
1348,0.84375
1350,0.27683615819209
1355,0.686567164179104
1357,0.314285714285714
1366,0.686354378818737
1371,0.686354378818737
1373,0.875
1376,0.666666666666667
1386,0.84375
1387,0.75
1394,0.75
1397,0.128205128205128
1400,0.686354378818737
1403,0.84375
1405,0.762962962962963
1409,0.762962962962963
1412,0.471910112359551
1413,0.372262773722628
1416,0.686354378818737
1420,0.701923076923077
1421,0.785714285714286
1423,0.84375
1440,0.84375
1443,0.666666666666667
1445,0.310526315789474
1449,0.785714285714286
1451,0.464788732394366
1452,0.372262773722628
1457,0.372262773722628
1460,0.372262773722628
1463,0.094488188976378
1464,0.471910112359551
1466,0.762962962962963
1468,0.84375
1469,0.84375
1472,0.094488188976378
1473,0.84375
1474,0.372262773722628
1475,0.754716981132076
1476,0.701923076923077
1477,0.686567164179104
1478,0.686354378818737
1479,0.819095477386935
1482,0.84375
1485,0.27683615819209
1493,0.117647058823529
1499,0.84375
1502,0.754716981132076
1503,0.741071428571429
1505,0.666666666666667
1507,0.795454545454545
1511,0.27683615819209
1516,0.686354378818737
1522,0.686354378818737
1543,0.464788732394366
1545,0.786885245901639
1548,0.75
1550,0.84375
1552,0.489130434782609
1553,0.686567164179104
1558,0.762962962962963
1560,0.84375
1562,0.529411764705882
1565,0.529411764705882
1566,0.372262773722628
1572,0.264150943396226
1576,0.464788732394366
1578,0.785714285714286
1582,0.333333333333333
1591,0.686567164179104
1592,0.094488188976378
1593,0.84375
1594,0.84375
1602,0.452380952380952
1604,0.686354378818737
1605,0.819095477386935
1607,0.701923076923077
1617,0.84375
1619,0.27683615819209
1621,0.84375
1628,0.489130434782609
1630,0.762962962962963
1632,0.686354378818737
1633,0.372262773722628
1636,0.785714285714286
1647,0.094488188976378
1648,0.310526315789474
1657,0.452380952380952
1658,0.698412698412698
1667,0.27683615819209
1669,0.131868131868132
1684,0.372262773722628
1688,0.489130434782609
1689,0.264150943396226
1692,0.786885245901639
1694,0.27683615819209
1699,0.131868131868132
1703,0.686567164179104
1704,0.471910112359551
1707,0.128205128205128
1720,0.686354378818737
1727,0.372262773722628
1728,0.741071428571429
1729,0.84375
1736,0.686354378818737
1737,0.785714285714286
1744,0.471910112359551
1746,0.310526315789474
1747,0.84375
1751,0.762962962962963
1755,0.84375
1760,0.241379310344828
1761,0.762962962962963
1762,0.84375
1763,0.220588235294118
1764,0.529411764705882
1766,0.27683615819209
1776,0.84375
1781,0.686567164179104
1787,0.666666666666667
1798,0.310526315789474
1801,0.84375
1808,0.762962962962963
1811,0.529411764705882
1812,0.84375
1813,0.464788732394366
1816,0.819095477386935
1817,0.310526315789474
1818,0.785714285714286
1823,0.471910112359551
1826,0.452380952380952
1828,0.762962962962963
1831,0.529411764705882
1833,0.819095477386935
1839,0.75
1847,0.310526315789474
1850,0.166666666666667
1855,0.819095477386935
1864,0.686354378818737
1866,0.094488188976378
1872,0.785714285714286
1874,0.819095477386935
1875,0.84375
1886,0.310526315789474
1889,0.819095477386935
1894,0.84375
1899,0.310526315789474
1902,0.698412698412698
1903,0.131868131868132
1904,0.686354378818737
1908,0.310526315789474
1910,0.529411764705882
1912,0.241379310344828
1913,0.754716981132076
1921,0.128205128205128
1927,0.666666666666667
1928,0.84375
1940,0.701923076923077
1943,0.310526315789474
1944,0.529411764705882
1947,0.686567164179104
1952,0.131868131868132
1959,0.464788732394366
1964,0.264150943396226
1966,0.762962962962963
1969,0.785714285714286
1978,0.84375
1980,0.754716981132076
1983,0.84375
1988,0.310526315789474
1990,0.785714285714286
1995,0.741071428571429
1996,0.785714285714286
2001,0.75
2006,0.131868131868132
2007,0.786885245901639
2011,0.686354378818737
2020,0.310526315789474
2021,0.241379310344828
2022,0.372262773722628
2028,0.754716981132076
2034,0.471910112359551
2036,0.754716981132076
2037,0.686354378818737
2038,0.368421052631579
2045,0.372262773722628
2047,0.166666666666667
2052,0.819095477386935
2058,0.819095477386935
2061,0.094488188976378
2065,0.131868131868132
2067,0.686354378818737
2068,0.819095477386935
2070,0.372262773722628
2071,0.84375
2072,0.686354378818737
2075,0.819095477386935
2076,0.686354378818737
2084,0.75
2094,0.786885245901639
2095,0.27683615819209
2101,0.84375
2104,0.452380952380952
2112,0.84375
2114,0.27683615819209
2117,0.464788732394366
2118,0.686354378818737
2123,0.529411764705882
2129,0.686567164179104
2131,0.471910112359551
2140,0.686567164179104
2141,0.686567164179104
2146,0.75
2147,0.529411764705882
2148,0.264150943396226
2151,0.84375
2153,0.686567164179104
2156,0.701923076923077
2160,0.762962962962963
2177,0.464788732394366
2178,0.264150943396226
2188,0.686354378818737
2192,0.27683615819209
2198,0.786885245901639
2199,0.686354378818737
2203,0.686567164179104
2207,0.220588235294118
2210,0.875
2222,0.220588235294118
2227,0.686354378818737
2228,0.666666666666667
2230,0.762962962962963
2231,0.310526315789474
2236,0.241379310344828
2243,0.698412698412698
2244,0.84375
2253,0.368421052631579
2256,0.314285714285714
2259,0.27683615819209
2263,0.84375
2265,0.27683615819209
2267,0.84375
2270,0.464788732394366
2272,0.686354378818737
2273,0.84375
2276,0.686354378818737
2279,0.372262773722628
2281,0.75
2284,0.310526315789474
2285,0.264150943396226
2287,0.686354378818737
2292,0.84375
2296,0.686354378818737
2298,0.686354378818737
2305,0.686354378818737
2306,0.819095477386935
2309,0.094488188976378
2310,0.220588235294118
2312,0.310526315789474
2316,0.220588235294118
2319,0.686354378818737
2320,0.84375
2326,0.666666666666667
2331,0.285714285714286
2335,0.75
2336,0.686354378818737
2341,0.762962962962963
2345,0.75
2346,0.27683615819209
2348,0.686354378818737
2352,0.785714285714286
2353,0.452380952380952
2355,0.368421052631579
2359,0.666666666666667
2360,0.785714285714286
2371,0.333333333333333
2378,0.40625
2381,0.75
2386,0.131868131868132
2390,0.27683615819209
2391,0.314285714285714
2392,0.3125
2393,0.819095477386935
2398,0.471910112359551
2402,0.310526315789474
2404,0.686354378818737
2409,0.785714285714286
2410,0.84375
2412,0.686354378818737
2417,0.686354378818737
2419,0.786885245901639
2422,0.754716981132076
2424,0.471910112359551
2430,0.686354378818737
2434,0.762962962962963
2441,0.452380952380952
2444,0.310526315789474
2449,0.686354378818737
2453,0.471910112359551
2455,0.464788732394366
2456,0.333333333333333
2462,0.84375
2464,0.762962962962963
2465,0.819095477386935
2466,0.372262773722628
2468,0.464788732394366
2469,0.786885245901639
2470,0.241379310344828
2474,0.686354378818737
2479,0.471910112359551
2480,0.84375
2483,0.785714285714286
2485,0.471910112359551
2486,0.762962962962963
2496,0.686354378818737
2497,0.84375
2498,0.741071428571429
2509,0.372262773722628
2511,0.819095477386935
2513,0.84375
2516,0.27683615819209
2523,0.686354378818737
2525,0.762962962962963
2527,0.762962962962963
2528,0.372262773722628
2533,0.310526315789474
2540,0.701923076923077
2543,0.464788732394366
2544,0.84375
2549,0.529411764705882
2551,0.84375
2558,0.264150943396226
2572,0.471910112359551
2573,0.84375
2574,0.786885245901639
2576,0.489130434782609
2579,0.131868131868132
2584,0.698412698412698
2589,0.741071428571429
2597,0.819095477386935
2599,0.094488188976378
2605,0.686354378818737
2608,0.372262773722628
2614,0.131868131868132
2619,0.471910112359551
2622,0.27683615819209
2623,0.368421052631579
2624,0.84375
2625,0.27683615819209
2640,0.698412698412698
2642,0.094488188976378
2646,0.222222222222222
2649,0.40625
2662,0.241379310344828
2663,0.131868131868132
2664,0.819095477386935
2671,0.686354378818737
2677,0.686354378818737
2679,0.142857142857143
2683,0.84375
2685,0.529411764705882
2694,0.741071428571429
2697,0.819095477386935
2700,0.819095477386935
2706,0.2
2710,0.795454545454545
2719,0.529411764705882
2731,0.84375
2734,0.471910112359551
2736,0.686354378818737
2745,0.686354378818737
2746,0.220588235294118
2750,0.786885245901639
2755,0.372262773722628
2757,0.819095477386935
2776,0.464788732394366
2787,0.464788732394366
2788,0.84375
2789,0.84375
2791,0.819095477386935
2793,0.27683615819209
2795,0.741071428571429
2800,0.471910112359551
2801,0.310526315789474
2806,0.785714285714286
2808,0.372262773722628
2813,0.686354378818737
2814,0.819095477386935
2819,0.741071428571429
2820,0.701923076923077
2823,0.310526315789474
2830,0.310526315789474
2832,0.464788732394366
2838,0.786885245901639
2839,0.489130434782609
2845,0.819095477386935
2846,0.310526315789474
2856,0.40625
2858,0.464788732394366
2860,0.471910112359551
2864,0.27683615819209
2866,0.785714285714286
2871,0.686567164179104
2875,0.310526315789474
2882,0.128205128205128
2891,0.40625
2892,0.819095477386935
2898,0.372262773722628
2900,0.471910112359551
2907,0.686354378818737
2915,0.489130434782609
2917,0.464788732394366
2926,0.310526315789474
2928,0.310526315789474
2932,0.686354378818737
2950,0.686567164179104
2958,0.166666666666667
2967,0.84375
2982,0.40625
2983,0.741071428571429
2994,0.701923076923077
2997,0.741071428571429
3013,0.128205128205128
3016,0.471910112359551
3026,0.471910112359551
3031,0.529411764705882
3032,0.701923076923077
3041,0.220588235294118
3045,0.372262773722628
3050,0.464788732394366
3057,0.131868131868132
3060,0.785714285714286
3061,0.84375
3064,0.686354378818737
3065,0.471910112359551
3068,0.754716981132076
3082,0.785714285714286
3094,0.698412698412698
3095,0.128205128205128
3096,0.489130434782609
3098,0.819095477386935
3103,0.741071428571429
3108,0.686567164179104
3117,0.84375
3118,0.785714285714286
3127,0.529411764705882
3129,0.142857142857143
3131,0.741071428571429
3134,0.471910112359551
3136,0.686354378818737
3139,0.094488188976378
3142,0.75
3147,0.094488188976378
3154,0.754716981132076
3156,0.142857142857143
3159,0.819095477386935
3163,0.686354378818737
3166,0.701923076923077
3172,0.84375
3173,0.666666666666667
3178,0.471910112359551
3180,0.264150943396226
3185,0.686354378818737
3187,0.27683615819209
3189,0.686567164179104
3193,0.368421052631579
3194,0.84375
3195,0.819095477386935
3198,0.241379310344828
3205,0.094488188976378
3207,0.471910112359551
3208,0.471910112359551
3213,0.27683615819209
3214,0.785714285714286
3215,0.310526315789474
3225,0.686567164179104
3227,0.529411764705882
3232,0.686567164179104
3244,0.84375
3246,0.762962962962963
3248,0.464788732394366
3252,0.84375
3255,0.452380952380952
3263,0.471910112359551
3265,0.698412698412698
3274,0.84375
3287,0.785714285714286
3296,0.686354378818737
3299,0.686354378818737
3301,0.686354378818737
3302,0.686354378818737
3304,0.372262773722628
3306,0.489130434782609
3308,0.686354378818737
3313,0.166666666666667
3321,0.741071428571429
3326,0.333333333333333
3327,0.241379310344828
3332,0.452380952380952
3334,0.701923076923077
3336,0.128205128205128
3346,0.452380952380952
3347,0.84375
3348,0.310526315789474
3351,0.489130434782609
3360,0.131868131868132
3366,0.220588235294118
3367,0.84375
3369,0.471910112359551
3371,0.84375
3372,0.84375
3385,0.489130434782609
3389,0.310526315789474
3390,0.529411764705882
3392,0.27683615819209
3393,0.27683615819209
3394,0.314285714285714
3396,0.686567164179104
3412,0.819095477386935
3413,0.686354378818737
3420,0.310526315789474
3425,0.452380952380952
3427,0.754716981132076
3430,0.310526315789474
3432,0.701923076923077
3433,0.471910112359551
3434,0.819095477386935
3442,0.84375
3447,0.094488188976378
3461,0.489130434782609
3462,0.310526315789474
3464,0.094488188976378
3471,0.84375
3475,0.84375
3476,0.686354378818737
3487,0.489130434782609
3488,0.166666666666667
3490,0.368421052631579
3498,0.686567164179104
3499,0.819095477386935
3500,0.471910112359551
3506,0.471910112359551
3511,0.264150943396226
3512,0.819095477386935
3514,0.84375
3518,0.819095477386935
3523,0.310526315789474
3525,0.701923076923077
3533,0.741071428571429
3537,0.471910112359551
3543,0.464788732394366
3545,0.464788732394366
3550,0.84375
3554,0.819095477386935
3555,0.285714285714286
3558,0.762962962962963
3559,0.529411764705882
3562,0.372262773722628
3564,0.741071428571429
3566,0.686354378818737
3567,0.686354378818737
3572,0.686354378818737
3573,0.754716981132076
3574,0.094488188976378
3576,0.686354378818737
3579,0.84375
3588,0.84375
3590,0.741071428571429
3592,0.166666666666667
3593,0.84375
3594,0.819095477386935
3596,0.464788732394366
3601,0.471910112359551
3602,0.701923076923077
3604,0.131868131868132
3607,0.84375
3613,0.131868131868132
3618,0.84375
3621,0.464788732394366
3631,0.741071428571429
3641,0.84375
3646,0.785714285714286
3657,0.310526315789474
3660,0.27683615819209
3665,0.666666666666667
3666,0.27683615819209
3676,0.84375
3680,0.795454545454545
3682,0.84375
3695,0.741071428571429
3704,0.372262773722628
3707,0.75
3712,0.741071428571429
3713,0.220588235294118
3714,0.094488188976378
3715,0.686354378818737
3719,0.27683615819209
3733,0.489130434782609
3735,0.786885245901639
3736,0.3125
3737,0.84375
3738,0.27683615819209
3743,0.762962962962963
3744,0.686354378818737
3746,0.128205128205128
3747,0.372262773722628
3749,0.84375
3753,0.698412698412698
3758,0.471910112359551
3764,0.464788732394366
3767,0.094488188976378
3769,0.27683615819209
3781,0.128205128205128
3782,0.84375
3784,0.686354378818737
3788,0.686354378818737
3793,0.686567164179104
3801,0.686354378818737
3805,0.310526315789474
3807,0.819095477386935
3808,0.372262773722628
3809,0.819095477386935
3810,0.84375
3813,0.786885245901639
3816,0.27683615819209
3817,0.686354378818737
3820,0.75
3833,0.27683615819209
3835,0.686354378818737
3837,0.666666666666667
3839,0.686354378818737
3840,0.762962962962963
3843,0.785714285714286
3848,0.686354378818737
3850,0.762962962962963
3851,0.094488188976378
3859,0.75
3866,0.819095477386935
3870,0.785714285714286
3873,0.698412698412698
3881,0.310526315789474
3882,0.686354378818737
3889,0.372262773722628
3906,0.368421052631579
3908,0.27683615819209
3909,0.27683615819209
3910,0.84375
3913,0.686354378818737
3915,0.264150943396226
3917,0.686354378818737
3922,0.27683615819209
3923,0.785714285714286
3924,0.666666666666667
3933,0.84375
3935,0.452380952380952
3939,0.131868131868132
3960,0.686354378818737
3971,0.84375
3976,0.464788732394366
3977,0.471910112359551
3987,0.094488188976378
3990,0.795454545454545
4005,0.686567164179104
4008,0.819095477386935
4009,0.84375
4011,0.27683615819209
4012,0.84375
4020,0.741071428571429
4021,0.464788732394366
4022,0.452380952380952
4027,0.686354378818737
4028,0.464788732394366
4030,0.310526315789474
4031,0.27683615819209
4035,0.464788732394366
4036,0.131868131868132
4037,0.471910112359551
4039,0.310526315789474
4044,0.241379310344828
4046,0.75
4054,0.094488188976378
4056,0.464788732394366
4059,0.372262773722628
4062,0.75
4064,0.698412698412698
4067,0.220588235294118
4072,0.489130434782609
4090,0.686354378818737
4095,0.310526315789474
4099,0.84375
4102,0.84375
4103,0.785714285714286
4105,0.094488188976378
4110,0.220588235294118
4112,0.131868131868132
4114,0.84375
4116,0.464788732394366
4117,0.452380952380952
4118,0.84375
4124,0.84375
4126,0.786885245901639
4137,0.686354378818737
4141,0.686354378818737
4149,0.701923076923077
4150,0.84375
4152,0.471910112359551
4158,0.220588235294118
4162,0.754716981132076
4163,0.701923076923077
4165,0.686354378818737
4167,0.84375
4170,0.094488188976378
4173,0.84375
4183,0.819095477386935
4188,0.686354378818737
4191,0.310526315789474
4192,0.452380952380952
4195,0.529411764705882
4199,0.741071428571429
4203,0.131868131868132
4208,0.686567164179104
4218,0.310526315789474
4231,0.372262773722628
4233,0.686354378818737
4234,0.117647058823529
4240,0.310526315789474
4247,0.701923076923077
4249,0.27683615819209
4254,0.75
4256,0.686354378818737
4258,0.310526315789474
4260,0.310526315789474
4262,0.686567164179104
4267,0.27683615819209
4280,0.131868131868132
4281,0.785714285714286
4282,0.27683615819209
4284,0.84375
4285,0.686354378818737
4288,0.875
4300,0.372262773722628
4301,0.741071428571429
4302,0.27683615819209
4303,0.452380952380952
4305,0.471910112359551
4308,0.452380952380952
4314,0.131868131868132
4315,0.75
4325,0.372262773722628
4327,0.84375
4330,0.310526315789474
4334,0.310526315789474
4340,0.529411764705882
4347,0.131868131868132
4349,0.686567164179104
4362,0.310526315789474
4370,0.701923076923077
4372,0.241379310344828
4377,0.686567164179104
4379,0.166666666666667
4383,0.529411764705882
4392,0.241379310344828
4393,0.666666666666667
4394,0.471910112359551
4402,0.489130434782609
4406,0.372262773722628
4409,0.84375
4411,0.27683615819209
4412,0.84375
4418,0.819095477386935
4420,0.84375
4422,0.741071428571429
4431,0.372262773722628
4433,0.452380952380952
4435,0.372262773722628
4445,0.741071428571429
4449,0.819095477386935
4451,0.372262773722628
4457,0.84375
4458,0.372262773722628
4460,0.310526315789474
4462,0.471910112359551
4464,0.84375
4466,0.754716981132076
4469,0.84375
4472,0.310526315789474
4473,0.529411764705882
4475,0.131868131868132
4478,0.128205128205128
4481,0.372262773722628
4482,0.310526315789474
4484,0.464788732394366
4494,0.795454545454545
4496,0.471910112359551
4497,0.529411764705882
4507,0.686354378818737
4510,0.310526315789474
4513,0.310526315789474
4525,0.368421052631579
4530,0.84375
4537,0.741071428571429
4542,0.452380952380952
4543,0.128205128205128
4544,0.741071428571429
4546,0.489130434782609
4547,0.741071428571429
4558,0.489130434782609
4568,0.372262773722628
4569,0.27683615819209
4572,0.094488188976378
4579,0.819095477386935
4580,0.368421052631579
4584,0.310526315789474
4586,0.471910112359551
4598,0.220588235294118
4602,0.264150943396226
4607,0.131868131868132
4610,0.686354378818737
4613,0.094488188976378
4620,0.786885245901639
4623,0.686354378818737
4626,0.698412698412698
4629,0.464788732394366
4631,0.372262773722628
4633,0.785714285714286
4634,0.686354378818737
4635,0.819095477386935
4638,0.452380952380952
4639,0.819095477386935
4641,0.666666666666667
4644,0.701923076923077
4646,0.762962962962963
4650,0.75
4658,0.131868131868132
4661,0.75
4665,0.314285714285714
4672,0.819095477386935
4680,0.27683615819209
4683,0.094488188976378
4690,0.84375
4693,0.785714285714286
4694,0.84375
4695,0.529411764705882
4698,0.84375
4699,0.264150943396226
4702,0.698412698412698
4710,0.819095477386935
4711,0.372262773722628
4715,0.372262773722628
4718,0.686567164179104
4734,0.686354378818737
4738,0.131868131868132
4740,0.686567164179104
4757,0.686354378818737
4759,0.314285714285714
4761,0.471910112359551
4768,0.452380952380952
4770,0.529411764705882
4773,0.785714285714286
4778,0.819095477386935
4782,0.128205128205128
4785,0.754716981132076
4787,0.310526315789474
4795,0.471910112359551
4797,0.762962962962963
4799,0.84375
4803,0.310526315789474
4804,0.741071428571429
4805,0.84375
4814,0.094488188976378
4815,0.84375
4821,0.819095477386935
4823,0.529411764705882
4824,0.529411764705882
4840,0.368421052631579
4842,0.701923076923077
4844,0.166666666666667
4848,0.310526315789474
4850,0.372262773722628
4851,0.471910112359551
4859,0.310526315789474
4861,0.40625
4863,0.471910112359551
4865,0.471910112359551
4867,0.75
4870,0.698412698412698
4872,0.701923076923077
4874,0.222222222222222
4877,0.686567164179104
4883,0.762962962962963
4884,0.701923076923077
4885,0.741071428571429
4895,0.84375
4901,0.84375
4902,0.471910112359551
4903,0.686354378818737
4904,0.686354378818737
4905,0.84375
4910,0.84375
4915,0.27683615819209
4918,0.333333333333333
4920,0.372262773722628
4922,0.471910112359551
4924,0.27683615819209
4933,0.84375
4934,0.701923076923077
4935,0.333333333333333
4939,0.452380952380952
4940,0.84375
4943,0.701923076923077
4944,0.452380952380952
4946,0.40625
4948,0.819095477386935
4950,0.686567164179104
4952,0.131868131868132
4955,0.75
4956,0.529411764705882
4961,0.698412698412698
4964,0.795454545454545
4967,0.762962962962963
4968,0.785714285714286
4969,0.84375
4974,0.310526315789474
4978,0.698412698412698
4981,0.529411764705882
4989,0.84375
4990,0.27683615819209
4991,0.464788732394366
4993,0.762962962962963
4995,0.471910112359551
5001,0.220588235294118
5002,0.762962962962963
5008,0.686354378818737
5013,0.819095477386935
5019,0.310526315789474
5021,0.84375
5022,0.489130434782609
5026,0.686354378818737
5034,0.701923076923077
5038,0.471910112359551
5040,0.310526315789474
5042,0.84375
5047,0.471910112359551
5048,0.686567164179104
5054,0.310526315789474
5063,0.785714285714286
5064,0.489130434782609
5066,0.094488188976378
5070,0.785714285714286
5073,0.131868131868132
5074,0.372262773722628
5075,0.84375
5077,0.471910112359551
5078,0.489130434782609
5080,0.529411764705882
5086,0.372262773722628
5090,0.785714285714286
5096,0.84375
5097,0.094488188976378
5098,0.762962962962963
5100,0.464788732394366
5103,0.84375
5107,0.84375
5108,0.27683615819209
5114,0.686567164179104
5115,0.27683615819209
5133,0.786885245901639
5134,0.686567164179104
5137,0.84375
5138,0.819095477386935
5143,0.686354378818737
5144,0.3125
5159,0.819095477386935
5160,0.452380952380952
5161,0.094488188976378
5164,0.372262773722628
5165,0.84375
5179,0.686354378818737
5182,0.489130434782609
5187,0.310526315789474
5188,0.529411764705882
5189,0.686354378818737
5194,0.310526315789474
5197,0.686567164179104
5198,0.819095477386935
5203,0.27683615819209
5206,0.310526315789474
5208,0.819095477386935
5216,0.471910112359551
5224,0.314285714285714
5226,0.471910112359551
5229,0.686567164179104
5236,0.686354378818737
5240,0.84375
5242,0.310526315789474
5249,0.264150943396226
5250,0.131868131868132
5253,0.84375
5255,0.27683615819209
5256,0.368421052631579
5260,0.819095477386935
5265,0.471910112359551
5266,0.489130434782609
5275,0.368421052631579
5276,0.795454545454545
5287,0.471910112359551
5293,0.762962962962963
5294,0.686354378818737
5295,0.698412698412698
5301,0.819095477386935
5304,0.754716981132076
5310,0.819095477386935
5313,0.314285714285714
5318,0.819095477386935
5332,0.310526315789474
5343,0.686354378818737
5347,0.094488188976378
5352,0.785714285714286
5355,0.666666666666667
5357,0.471910112359551
5359,0.489130434782609
5360,0.368421052631579
5374,0.471910112359551
5375,0.094488188976378
5383,0.686354378818737
5387,0.314285714285714
5392,0.819095477386935
5397,0.686567164179104
5399,0.464788732394366
5403,0.686567164179104
5413,0.741071428571429
5414,0.27683615819209
5419,0.741071428571429
5420,0.686567164179104
5423,0.464788732394366
5428,0.701923076923077
5430,0.698412698412698
5431,0.741071428571429
5432,0.84375
5434,0.128205128205128
5436,0.529411764705882
5437,0.75
5445,0.698412698412698
5448,0.785714285714286
5453,0.131868131868132
5459,0.314285714285714
5461,0.166666666666667
5464,0.785714285714286
5465,0.27683615819209
5474,0.84375
5479,0.094488188976378
5480,0.471910112359551
5486,0.741071428571429
5488,0.741071428571429
5490,0.84375
5492,0.471910112359551
5496,0.27683615819209
5499,0.84375
5500,0.84375
5516,0.471910112359551
5522,0.686567164179104
5530,0.310526315789474
5531,0.819095477386935
5537,0.489130434782609
5538,0.452380952380952
5554,0.686354378818737
5556,0.686354378818737
5561,0.686354378818737
5562,0.84375
5569,0.27683615819209
5573,0.686354378818737
5576,0.471910112359551
5581,0.686354378818737
5588,0.489130434782609
5592,0.754716981132076
5596,0.372262773722628
5600,0.84375
5602,0.786885245901639
5603,0.310526315789474
5609,0.84375
5612,0.686567164179104
5617,0.84375
5620,0.819095477386935
5621,0.310526315789474
5623,0.333333333333333
5634,0.471910112359551
5639,0.762962962962963
5642,0.686567164179104
5643,0.131868131868132
5645,0.471910112359551
5648,0.27683615819209
5659,0.464788732394366
5664,0.84375
5674,0.310526315789474
5676,0.452380952380952
5680,0.464788732394366
5681,0.464788732394366
5683,0.686567164179104
5690,0.686354378818737
5698,0.310526315789474
5706,0.84375
5717,0.686354378818737
5721,0.310526315789474
5723,0.84375
5726,0.368421052631579
5730,0.264150943396226
5736,0.754716981132076
5741,0.471910112359551
5748,0.310526315789474
5749,0.686567164179104
5750,0.489130434782609
5757,0.452380952380952
5761,0.84375
5766,0.786885245901639
5779,0.117647058823529
5789,0.131868131868132
5791,0.686354378818737
5794,0.84375
5797,0.131868131868132
5806,0.27683615819209
5811,0.84375
5812,0.333333333333333
5814,0.40625
5815,0.310526315789474
5816,0.741071428571429
5824,0.464788732394366
5826,0.310526315789474
5827,0.762962962962963
5843,0.84375
5848,0.754716981132076
5859,0.471910112359551
5863,0.686354378818737
5864,0.471910112359551
5877,0.310526315789474
5880,0.754716981132076
5882,0.84375
5886,0.117647058823529
5890,0.471910112359551
5891,0.471910112359551
5892,0.27683615819209
5900,0.310526315789474
5903,0.166666666666667
5907,0.264150943396226
5912,0.471910112359551
5914,0.785714285714286
5923,0.84375
5930,0.686567164179104
5937,0.372262773722628
5938,0.471910112359551
5946,0.686354378818737
5948,0.741071428571429
5950,0.741071428571429
5952,0.40625
5953,0.372262773722628
5956,0.686567164179104
5957,0.471910112359551
5960,0.686354378818737
5967,0.754716981132076
5969,0.310526315789474
5975,0.741071428571429
5976,0.310526315789474
5979,0.220588235294118
5986,0.220588235294118
5988,0.27683615819209
5989,0.686567164179104
5991,0.686354378818737
5993,0.471910112359551
5999,0.686567164179104
6009,0.471910112359551
6014,0.686354378818737
6015,0.220588235294118
6016,0.27683615819209
6019,0.686354378818737
6036,0.686354378818737
6037,0.310526315789474
6038,0.464788732394366
6042,0.741071428571429
6048,0.785714285714286
6056,0.741071428571429
6058,0.372262773722628
6065,0.84375
6067,0.84375
6071,0.310526315789474
6072,0.372262773722628
6073,0.471910112359551
6079,0.464788732394366
6081,0.117647058823529
6090,0.741071428571429
6094,0.310526315789474
6099,0.310526315789474
6102,0.686354378818737
6105,0.471910112359551
6115,0.40625
6118,0.471910112359551
6125,0.471910112359551
6128,0.686567164179104
6130,0.754716981132076
6131,0.84375
6137,0.819095477386935
6162,0.094488188976378
6172,0.27683615819209
6179,0.471910112359551
6182,0.819095477386935
6184,0.819095477386935
6186,0.785714285714286
6187,0.094488188976378
6195,0.489130434782609
6196,0.686354378818737
6197,0.368421052631579
6200,0.529411764705882
6201,0.84375
6205,0.489130434782609
6207,0.27683615819209
6208,0.686567164179104
6214,0.686567164179104
6215,0.819095477386935
6222,0.686567164179104
6223,0.529411764705882
6239,0.372262773722628
6241,0.131868131868132
6243,0.131868131868132
6245,0.489130434782609
6257,0.84375
6258,0.741071428571429
6260,0.310526315789474
6264,0.762962962962963
6267,0.741071428571429
6283,0.285714285714286
6285,0.686354378818737
6289,0.529411764705882
6292,0.529411764705882
6293,0.84375
6294,0.471910112359551
6297,0.754716981132076
6298,0.698412698412698
6299,0.686567164179104
6307,0.27683615819209
6308,0.464788732394366
6319,0.686354378818737
6321,0.701923076923077
6335,0.310526315789474
6341,0.819095477386935
6343,0.701923076923077
6348,0.529411764705882
6349,0.686354378818737
6353,0.471910112359551
6362,0.264150943396226
6363,0.84375
6377,0.786885245901639
6378,0.686354378818737
6388,0.762962962962963
6389,0.464788732394366
6391,0.686354378818737
6392,0.310526315789474
6393,0.686567164179104
6394,0.698412698412698
6395,0.128205128205128
6405,0.75
6408,0.819095477386935
6409,0.84375
6412,0.471910112359551
6415,0.464788732394366
6421,0.27683615819209
6426,0.819095477386935
6428,0.819095477386935
6438,0.471910112359551
6439,0.452380952380952
6440,0.84375
6445,0.701923076923077
6447,0.84375
6450,0.471910112359551
6451,0.819095477386935
6452,0.701923076923077
6458,0.464788732394366
6459,0.131868131868132
6461,0.686567164179104
6464,0.27683615819209
6468,0.84375
6477,0.819095477386935
6478,0.84375
6479,0.84375
6481,0.489130434782609
6494,0.529411764705882
6495,0.372262773722628
6497,0.471910112359551
6503,0.131868131868132
6504,0.84375
6505,0.84375
6513,0.686354378818737
6520,0.314285714285714
6521,0.128205128205128
6522,0.686354378818737
6524,0.686354378818737
6526,0.220588235294118
6527,0.464788732394366
6538,0.686354378818737
6541,0.27683615819209
6543,0.27683615819209
6546,0.310526315789474
6573,0.686354378818737
6578,0.372262773722628
6583,0.27683615819209
6584,0.471910112359551
6589,0.310526315789474
6592,0.84375
6595,0.131868131868132
6597,0.464788732394366
6604,0.84375
6606,0.314285714285714
6613,0.686567164179104
6619,0.117647058823529
6625,0.84375
6626,0.84375
6638,0.310526315789474
6639,0.489130434782609
6641,0.117647058823529
6645,0.84375
6646,0.333333333333333
6651,0.84375
6653,0.464788732394366
6662,0.741071428571429
6676,0.741071428571429
6684,0.686354378818737
6698,0.27683615819209
6704,0.84375
6709,0.84375
6710,0.372262773722628
6714,0.285714285714286
6717,0.84375
6718,0.464788732394366
6719,0.471910112359551
6722,0.762962962962963
6724,0.471910112359551
6739,0.84375
6740,0.310526315789474
6753,0.489130434782609
6760,0.368421052631579
6768,0.84375
6771,0.754716981132076
6774,0.310526315789474
6775,0.094488188976378
6780,0.310526315789474
6787,0.701923076923077
6788,0.471910112359551
6793,0.310526315789474
6794,0.741071428571429
6800,0.489130434782609
6805,0.686354378818737
6814,0.27683615819209
6822,0.741071428571429
6825,0.117647058823529
6828,0.27683615819209
6839,0.452380952380952
6841,0.471910112359551
6842,0.489130434782609
6843,0.372262773722628
6848,0.686567164179104
6851,0.128205128205128
6854,0.741071428571429
6878,0.464788732394366
6879,0.333333333333333
6881,0.686354378818737
6883,0.471910112359551
6886,0.75
6893,0.131868131868132
6898,0.701923076923077
6907,0.84375
6911,0.310526315789474
6913,0.741071428571429
6924,0.686354378818737
6926,0.310526315789474
6927,0.372262773722628
6931,0.785714285714286
6933,0.166666666666667
6934,0.27683615819209
6937,0.310526315789474
6945,0.686354378818737
6954,0.785714285714286
6959,0.131868131868132
6966,0.40625
6971,0.471910112359551
6973,0.741071428571429
6978,0.471910112359551
6989,0.686354378818737
6993,0.310526315789474
7006,0.471910112359551
7011,0.741071428571429
7014,0.686567164179104
7015,0.40625
7025,0.686354378818737
7028,0.471910112359551
7037,0.471910112359551
7040,0.741071428571429
7041,0.819095477386935
7043,0.84375
7045,0.686354378818737
7046,0.27683615819209
7054,0.754716981132076
7057,0.686354378818737
7058,0.84375
7059,0.686354378818737
7069,0.686354378818737
7070,0.27683615819209
7078,0.741071428571429
7086,0.310526315789474
7090,0.84375
7091,0.741071428571429
7094,0.452380952380952
7100,0.75
7109,0.754716981132076
7121,0.310526315789474
7130,0.741071428571429
7131,0.741071428571429
7132,0.452380952380952
7133,0.489130434782609
7148,0.84375
7151,0.701923076923077
7155,0.40625
7159,0.471910112359551
7165,0.686354378818737
7176,0.471910112359551
7182,0.264150943396226
7187,0.471910112359551
7189,0.489130434782609
7190,0.310526315789474
7194,0.489130434782609
7196,0.471910112359551
7197,0.84375
7208,0.84375
7212,0.84375
7215,0.84375
7217,0.489130434782609
7222,0.471910112359551
7223,0.471910112359551
7227,0.489130434782609
7230,0.471910112359551
7239,0.489130434782609
7266,0.2
7272,0.84375
7273,0.264150943396226
7274,0.471910112359551
7280,0.686354378818737
7281,0.686354378818737
7284,0.686354378818737
7292,0.84375
7293,0.220588235294118
7299,0.84375
7302,0.220588235294118
7305,0.489130434782609
7310,0.220588235294118
7313,0.471910112359551
7317,0.471910112359551
7323,0.701923076923077
7326,0.471910112359551
7333,0.84375
7335,0.220588235294118
7343,0.84375
7344,0.489130434782609
7347,0.701923076923077
7353,0.84375
7361,0.220588235294118
7366,0.471910112359551
7385,0.241379310344828
7386,0.84375
7408,0.75
7411,0.471910112359551
7422,0.84375
7437,0.471910112359551
7451,0.3125
7453,0.84375
7459,0.686354378818737
7537,0.84375
7551,0.75
7559,0.310526315789474
7644,0.471910112359551
7653,0.471910112359551
7660,0.471910112359551
7662,0.84375
7696,0.686354378818737
7702,0.471910112359551
7705,0.471910112359551
7707,0.84375
7721,0.84375
7727,0.368421052631579
7742,0.471910112359551
7764,0.471910112359551
7768,0.310526315789474
7795,0.241379310344828
7801,0.84375
7805,0.310526315789474
7808,0.310526315789474
7811,0.84375
7841,0.471910112359551
7848,0.686354378818737
7851,0.471910112359551
7853,0.84375
7866,0.310526315789474
7868,0.310526315789474
7870,0.471910112359551
7872,0.84375
7875,0.471910112359551
7880,0.686354378818737
7881,0.84375
7901,0.471910112359551
7905,0.368421052631579
7909,0.84375
7936,0.310526315789474
7938,0.471910112359551
7943,0.686354378818737
7946,0.310526315789474
7951,0.471910112359551
7990,0.471910112359551
7998,0.471910112359551
8011,0.471910112359551
8020,0.471910112359551
8025,0.471910112359551
8051,0.368421052631579
8061,0.471910112359551
8073,0.471910112359551
8075,0.471910112359551
8078,0.84375
8087,0.84375
8091,0.471910112359551
8099,0.84375
8118,0.471910112359551
8121,0.686354378818737
8125,0.471910112359551
8146,0.471910112359551
8152,0.471910112359551
8153,0.471910112359551
8161,0.84375
8165,0.471910112359551
8175,0.471910112359551
8188,0.368421052631579
8257,0.310526315789474
8266,0.84375
8273,0.471910112359551
8293,0.84375
8317,0.310526315789474
8331,0.471910112359551
8344,0.471910112359551
8353,0.84375
8366,0.471910112359551
8374,0.471910112359551
8382,0.310526315789474
8386,0.471910112359551
8423,0.471910112359551
8456,0.310526315789474
8491,0.686354378818737
8503,0.310526315789474
8510,0.471910112359551
8511,0.686354378818737
8544,0.84375
8556,0.84375
8578,0.471910112359551
8609,0.686354378818737
8610,0.310526315789474
8614,0.310526315789474
8657,0.471910112359551
8658,0.471910112359551
8669,0.686354378818737
8677,0.471910112359551
8678,0.471910112359551
8682,0.241379310344828
8710,0.471910112359551
8731,0.310526315789474
8745,0.84375
8749,0.471910112359551
8752,0.471910112359551
8772,0.471910112359551
8779,0.471910112359551
8792,0.310526315789474
8812,0.84375
8825,0.701923076923077
8852,0.471910112359551
8866,0.471910112359551
8894,0.471910112359551
8906,0.471910112359551
8936,0.471910112359551
8938,0.471910112359551
8957,0.368421052631579
8961,0.471910112359551
8970,0.310526315789474
9005,0.471910112359551
9031,0.310526315789474
9050,0.471910112359551
9051,0.471910112359551
9052,0.471910112359551
9066,0.471910112359551
9076,0.471910112359551
9090,0.471910112359551
9216,0.471910112359551
